{
  "BASE(v20@110)": {
    "L_rho": 0.028037784305029054,
    "S_rho": 0.03159914098331925,
    "L_net": -6.927037315536888,
    "S_net": -7.2339100412171105
  },
  "FULL(clean)": {
    "L_rho": 0.031181923392295842,
    "S_rho": 0.028804094556938636,
    "L_net": -6.942426733093601,
    "S_net": -7.8740764745579135
  },
  "-clean_feats": {
    "L_rho": 0.026424866816020243,
    "S_rho": 0.027175227723909956,
    "L_net": -7.809191588241913,
    "S_net": -8.345534119944475
  },
  "-hygiene": {
    "L_rho": 0.03091605412970748,
    "S_rho": 0.027592263859420516,
    "L_net": -6.699034767607672,
    "S_net": -8.450169819942492
  },
  "-gap": {
    "L_rho": 0.030928645889577812,
    "S_rho": 0.02941051563397264,
    "L_net": -5.3836748392708715,
    "S_net": -8.249125265749887
  },
  "-robust": {
    "L_rho": 0.03203602059695436,
    "S_rho": 0.028912669410479614,
    "L_net": -6.85721939760174,
    "S_net": -8.263158457851759
  }
}