{
  "v20@110": {
    "L_rho": 0.02321458486749493,
    "S_rho": 0.029323157989931316,
    "L_net": -7.902580752051296,
    "S_net": -7.737148847129699
  },
  "v21": {
    "L_rho": 0.028424613201152388,
    "S_rho": 0.02624729139519915,
    "L_net": -6.341950604801241,
    "S_net": -9.149534826301533
  },
  "v21_nograph": {
    "L_rho": 0.029328985672479678,
    "S_rho": 0.026542082647481122,
    "L_net": -6.71540506369638,
    "S_net": -9.178937919168675
  },
  "v21_shuffle": {
    "L_rho": 0.0011379941532754824,
    "S_rho": 0.0006255229912312226,
    "L_net": -9.911032705313119,
    "S_net": -9.642728676008119
  }
}