{
  "A_1hmodel_hold1h": {
    "long": {
      "rho": 0.025268897272109493,
      "K1_net": -5.545039157101183,
      "K3_net": -6.221069029497865,
      "K5_net": -6.57504971142647,
      "K1_gross": 4.454960842898817,
      "K3_gross": 3.7789309705021346,
      "K5_gross": 3.4249502885735303
    },
    "short": {
      "rho": 0.02171364743336568,
      "K1_net": -10.770045735410314,
      "K3_net": -10.401167372661828,
      "K5_net": -10.384780366573239,
      "K1_gross": -0.7700457354103143,
      "K3_gross": -0.4011673726618265,
      "K5_gross": -0.38478036657323805
    }
  },
  "B_1hmodel_hold2h": {
    "long": {
      "rho": 0.015249457280133077,
      "K1_net": -5.98393573167125,
      "K3_net": -6.516292350991824,
      "K5_net": -6.970533342761545,
      "K1_gross": 4.01606426832875,
      "K3_gross": 3.483707649008177,
      "K5_gross": 3.0294666572384554
    },
    "short": {
      "rho": 0.014709750394997407,
      "K1_net": -11.435267478077098,
      "K3_net": -9.514325131902686,
      "K5_net": -10.347927788151035,
      "K1_gross": -1.4352674780770969,
      "K3_gross": 0.48567486809731464,
      "K5_gross": -0.34792778815103453
    }
  },
  "C_2hmodel_hold2h": {
    "long": {
      "rho": 0.020184222776302135,
      "K1_net": -6.650996132767542,
      "K3_net": -7.769822400039694,
      "K5_net": -7.850889859124971,
      "K1_gross": 3.3490038672324576,
      "K3_gross": 2.2301775999603053,
      "K5_gross": 2.1491101408750293
    },
    "short": {
      "rho": 0.018462788475751425,
      "K1_net": -6.585744170506825,
      "K3_net": -6.635391953656284,
      "K5_net": -8.099316373361571,
      "K1_gross": 3.414255829493177,
      "K3_gross": 3.364608046343715,
      "K5_gross": 1.9006836266384293
    }
  },
  "D_2hmodel_shuffle": {
    "long": {
      "rho": -0.015176868427584814,
      "K1_net": -7.310374131437349,
      "K3_net": -10.028864115600582,
      "K5_net": -10.34491986598552,
      "K1_gross": 2.689625868562651,
      "K3_gross": -0.028864115600582274,
      "K5_gross": -0.3449198659855206
    },
    "short": {
      "rho": -0.004482524919070806,
      "K1_net": -10.994780191646276,
      "K3_net": -10.857464415089307,
      "K5_net": -11.342139338254828,
      "K1_gross": -0.9947801916462771,
      "K3_gross": -0.8574644150893057,
      "K5_gross": -1.3421393382548275
    }
  }
}