{
  "A_1h_hold1h": {
    "long": {
      "rho": 0.027578561551525667,
      "K1_net": -4.988880659617659,
      "K3_net": -6.60325907814163,
      "K5_net": -6.807667670864804,
      "K1_gross": 5.011119340382342,
      "K3_gross": 3.3967409218583704,
      "K5_gross": 3.192332329135196
    },
    "short": {
      "rho": 0.02788226702937438,
      "K1_net": -7.451868007607364,
      "K3_net": -7.989267732229463,
      "K5_net": -8.120612727416725,
      "K1_gross": 2.548131992392636,
      "K3_gross": 2.010732267770537,
      "K5_gross": 1.879387272583275
    }
  },
  "B_1h_holdNh": {
    "long": {
      "rho": 0.015398198288951741,
      "K1_net": -4.467559160493387,
      "K3_net": -6.32333464551882,
      "K5_net": -6.0963910883891215,
      "K1_gross": 5.532440839506612,
      "K3_gross": 3.67666535448118,
      "K5_gross": 3.903608911610879
    },
    "short": {
      "rho": 0.01698667388830373,
      "K1_net": -5.687446385077516,
      "K3_net": -8.478201655041222,
      "K5_net": -8.464215418306342,
      "K1_gross": 4.312553614922482,
      "K3_gross": 1.5217983449587793,
      "K5_gross": 1.5357845816936582
    }
  },
  "C_Nh_holdNh": {
    "long": {
      "rho": 0.02146355166331997,
      "K1_net": -4.140033667863392,
      "K3_net": -6.775361725876539,
      "K5_net": -6.979613524332755,
      "K1_gross": 5.85996633213661,
      "K3_gross": 3.224638274123461,
      "K5_gross": 3.0203864756672454
    },
    "short": {
      "rho": 0.020264004213228114,
      "K1_net": -7.612260507589683,
      "K3_net": -7.801685072159678,
      "K5_net": -8.080037384752423,
      "K1_gross": 2.3877394924103177,
      "K3_gross": 2.1983149278403227,
      "K5_gross": 1.9199626152475782
    }
  },
  "D_Nh_shuffle": {
    "long": {
      "rho": 0.008794855244631389,
      "K1_net": -6.719182130731161,
      "K3_net": -8.850438648276675,
      "K5_net": -9.77436488176017,
      "K1_gross": 3.280817869268838,
      "K3_gross": 1.149561351723325,
      "K5_gross": 0.2256351182398304
    },
    "short": {
      "rho": -0.0034651953966834876,
      "K1_net": -9.350353126337115,
      "K3_net": -9.90739962050187,
      "K5_net": -11.298220164175383,
      "K1_gross": 0.649646873662884,
      "K3_gross": 0.09260037949813094,
      "K5_gross": -1.298220164175384
    }
  }
}