{
  "v21-dynamic": {
    "L_rho": 0.03189759756504193,
    "S_rho": 0.031862635518000615,
    "L_net": -6.563543330315345,
    "S_net": -5.688467024592683
  },
  "v22-full": {
    "L_rho": 0.11650918607390004,
    "S_rho": 0.11344624051286993,
    "L_net": 28.30024144715733,
    "S_net": 11.733812108221981
  },
  "v22-M": {
    "L_rho": 0.1130696479420279,
    "S_rho": 0.11221996833299347,
    "L_net": 26.29754556135999,
    "S_net": 10.89525327189929
  },
  "v22-N": {
    "L_rho": 0.11508379280074996,
    "S_rho": 0.11114507037436555,
    "L_net": 27.671036035236384,
    "S_net": 11.015328691444463
  },
  "v22-T": {
    "L_rho": 0.11666161066711069,
    "S_rho": 0.11426148137509778,
    "L_net": 27.527242416722906,
    "S_net": 11.696504101985031
  },
  "v22-R": {
    "L_rho": 0.11696249799085802,
    "S_rho": 0.11484828849662516,
    "L_net": 28.35745569732454,
    "S_net": 11.599827903426355
  },
  "v22-V": {
    "L_rho": 0.031204895825712915,
    "S_rho": 0.031871480769632685,
    "L_net": -6.691811209327877,
    "S_net": -5.445482458712326
  },
  "v22_shuffle": {
    "L_rho": 0.0018649124798561466,
    "S_rho": 0.004184973499990137,
    "L_net": -9.496254183921135,
    "S_net": -10.902784360934877
  }
}