{
  "side": "long",
  "k": 3,
  "target_wr": 0.57,
  "pool_n_trades": 2238,
  "pool_trades_per_month": 223.8,
  "pool_wr_6bps": 0.43297587131367293,
  "pool_wr_10bps": 0.41063449508489724,
  "pool_net_exp_bps": -5.216840571865891,
  "pool_profit_factor": 0.8473623395384015,
  "pool_t_stat": -2.9754625792877074,
  "pool_ci_lo": -8.889391722047584,
  "pool_ci_hi": -2.1345209921385213,
  "folds": [
    {
      "fold": 1,
      "test_months": [
        "2024-12",
        "2025-01"
      ],
      "n_trades": 520,
      "trades_per_month": 260.0,
      "wr_6bps": 0.4288461538461538,
      "wr_10bps": 0.41346153846153844,
      "net_expectancy_bps": -5.289933714273413,
      "raw_mean_bps": 0.7100662857265851,
      "profit_factor": 0.8396226880723111,
      "t_stat": -1.497027210871966,
      "ci_lo_bps": -12.412581584955547,
      "ci_hi_bps": 1.9938361591373788,
      "tau": -0.0005724951011727224,
      "e_ret_to_bps": -1.111770134896202
    },
    {
      "fold": 2,
      "test_months": [
        "2025-04",
        "2025-05"
      ],
      "n_trades": 240,
      "trades_per_month": 120.0,
      "wr_6bps": 0.42916666666666664,
      "wr_10bps": 0.425,
      "net_expectancy_bps": -1.3238626059504204,
      "raw_mean_bps": 4.6761373940495785,
      "profit_factor": 0.9692511091124855,
      "t_stat": -0.18228045847809277,
      "ci_lo_bps": -15.278253007392319,
      "ci_hi_bps": 12.498084604779917,
      "tau": 0.0001945468539149953,
      "e_ret_to_bps": -1.478094606787446
    },
    {
      "fold": 3,
      "test_months": [
        "2025-08",
        "2025-09"
      ],
      "n_trades": 329,
      "trades_per_month": 164.5,
      "wr_6bps": 0.41033434650455924,
      "wr_10bps": 0.3799392097264438,
      "net_expectancy_bps": -9.043958381732763,
      "raw_mean_bps": -3.0439583817327645,
      "profit_factor": 0.7651173079102338,
      "t_stat": -1.9294475120317065,
      "ci_lo_bps": -18.169162941313157,
      "ci_hi_bps": 1.1046623300829956,
      "tau": -0.0004334881492339589,
      "e_ret_to_bps": -1.6235321939589102
    },
    {
      "fold": 4,
      "test_months": [
        "2025-12",
        "2026-01"
      ],
      "n_trades": 602,
      "trades_per_month": 301.0,
      "wr_6bps": 0.4435215946843854,
      "wr_10bps": 0.41362126245847175,
      "net_expectancy_bps": -5.504521299282747,
      "raw_mean_bps": 0.49547870071725375,
      "profit_factor": 0.8211349936643187,
      "t_stat": -1.8818928627816824,
      "ci_lo_bps": -11.642171632079949,
      "ci_hi_bps": 0.4235357785541456,
      "tau": -0.0005368514779652007,
      "e_ret_to_bps": -1.4040947771802457
    },
    {
      "fold": 5,
      "test_months": [
        "2026-04",
        "2026-05"
      ],
      "n_trades": 547,
      "trades_per_month": 273.5,
      "wr_6bps": 0.4405850091407678,
      "wr_10bps": 0.41681901279707495,
      "net_expectancy_bps": -4.236951578112062,
      "raw_mean_bps": 1.763048421887937,
      "profit_factor": 0.8698787840046667,
      "t_stat": -1.2398369118301067,
      "ci_lo_bps": -10.999811262647563,
      "ci_hi_bps": 2.0252109354025527,
      "tau": -0.0005243452280597828,
      "e_ret_to_bps": -1.4592364738067245
    }
  ]
}