{
  "side": "short",
  "k": 3,
  "target_wr": 0.57,
  "pool_n_trades": 2358,
  "pool_trades_per_month": 235.8,
  "pool_wr_6bps": 0.4491094147582697,
  "pool_wr_10bps": 0.41391009329940626,
  "pool_net_exp_bps": -6.424340913463262,
  "pool_profit_factor": 0.7580804286211182,
  "pool_t_stat": -4.772279122213457,
  "pool_ci_lo": -9.083892144905734,
  "pool_ci_hi": -3.886242711722174,
  "folds": [
    {
      "fold": 1,
      "test_months": [
        "2024-12",
        "2025-01"
      ],
      "n_trades": 308,
      "trades_per_month": 154.0,
      "wr_6bps": 0.474025974025974,
      "wr_10bps": 0.4512987012987013,
      "net_expectancy_bps": -5.587975306113919,
      "raw_mean_bps": 0.41202469388607793,
      "profit_factor": 0.8698021047372274,
      "t_stat": -0.9867699003564311,
      "ci_lo_bps": -16.867182414204343,
      "ci_hi_bps": 6.220428058872481,
      "tau": -0.0004167971752801759,
      "e_ret_to_bps": 1.111770134896202
    },
    {
      "fold": 2,
      "test_months": [
        "2025-04",
        "2025-05"
      ],
      "n_trades": 479,
      "trades_per_month": 239.5,
      "wr_6bps": 0.44467640918580376,
      "wr_10bps": 0.4154488517745303,
      "net_expectancy_bps": -5.580362572332977,
      "raw_mean_bps": 0.41963742766702206,
      "profit_factor": 0.7236503435917777,
      "t_stat": -2.692794520789921,
      "ci_lo_bps": -10.006450642137233,
      "ci_hi_bps": -1.240674449320541,
      "tau": -0.0005338375986834748,
      "e_ret_to_bps": 1.478094606787446
    },
    {
      "fold": 3,
      "test_months": [
        "2025-08",
        "2025-09"
      ],
      "n_trades": 547,
      "trades_per_month": 273.5,
      "wr_6bps": 0.42230347349177333,
      "wr_10bps": 0.35283363802559414,
      "net_expectancy_bps": -3.5045932096903023,
      "raw_mean_bps": 2.495406790309697,
      "profit_factor": 0.7290270893995914,
      "t_stat": -2.861735830276627,
      "ci_lo_bps": -5.998784237432257,
      "ci_hi_bps": -1.1766673823979668,
      "tau": -0.0005352690202641481,
      "e_ret_to_bps": 1.6235321939589102
    },
    {
      "fold": 4,
      "test_months": [
        "2025-12",
        "2026-01"
      ],
      "n_trades": 523,
      "trades_per_month": 261.5,
      "wr_6bps": 0.4225621414913958,
      "wr_10bps": 0.3938814531548757,
      "net_expectancy_bps": -8.421185443968813,
      "raw_mean_bps": -2.4211854439688163,
      "profit_factor": 0.6305474973615357,
      "t_stat": -3.8430872964867313,
      "ci_lo_bps": -12.469415193465524,
      "ci_hi_bps": -4.278212894522958,
      "tau": -0.0004930798655921298,
      "e_ret_to_bps": 1.4040947771802457
    },
    {
      "fold": 5,
      "test_months": [
        "2026-04",
        "2026-05"
      ],
      "n_trades": 501,
      "trades_per_month": 250.5,
      "wr_6bps": 0.49500998003992014,
      "wr_10bps": 0.47704590818363274,
      "net_expectancy_bps": -8.84872921081737,
      "raw_mean_bps": -2.848729210817371,
      "profit_factor": 0.7861561346833333,
      "t_stat": -2.143809316590945,
      "ci_lo_bps": -16.235601025752192,
      "ci_hi_bps": -0.9835731968275364,
      "tau": -0.0004957405544750896,
      "e_ret_to_bps": 1.4592364738067245
    }
  ]
}