{
 "C1_k3_p1015": {
  "base": 25.33575997477228,
  "delayed": 1.9108714444003816
 },
 "C1_k3_p1115": {
  "base": 26.922070478216916,
  "delayed": 3.513817372273568
 },
 "C1_k3_p1515": {
  "base": 26.562303594031526,
  "delayed": 3.023683435006946
 },
 "C1_k5_p1015": {
  "base": 24.821003212470288,
  "delayed": 0.4607378643967399
 },
 "C1_k5_p1115": {
  "base": 26.416640432632157,
  "delayed": 2.149271941306786
 },
 "C1_k5_p1515": {
  "base": 28.932498412675642,
  "delayed": 4.437390195684953
 },
 "C1_k10_p1015": {
  "base": 23.59887819536453,
  "delayed": -1.208972898334535
 },
 "C1_k10_p1115": {
  "base": 24.850768653518468,
  "delayed": 0.10437822452411716
 },
 "C1_k10_p1515": {
  "base": 25.841579520608498,
  "delayed": 0.9231649176958072
 },
 "C2_k3_p0930": {
  "open_fill": 17.142668452405097,
  "hlc3_fill": -0.11752998325893138
 },
 "C2_k3_p1015": {
  "open_fill": 25.33575997477228,
  "hlc3_fill": 7.880760533155991
 },
 "C2_k3_p1515": {
  "open_fill": 26.562303594031526,
  "hlc3_fill": 9.099032810836439
 },
 "C2_k5_p0930": {
  "open_fill": 18.31097661803784,
  "hlc3_fill": -0.4363018308366007
 },
 "C2_k5_p1015": {
  "open_fill": 24.821003212470288,
  "hlc3_fill": 6.056626094159007
 },
 "C2_k5_p1515": {
  "open_fill": 28.932498412675642,
  "hlc3_fill": 10.041192374573733
 },
 "C2_k10_p0930": {
  "open_fill": 18.656571792651455,
  "hlc3_fill": -1.4155791988863946
 },
 "C2_k10_p1015": {
  "open_fill": 23.59887819536453,
  "hlc3_fill": 3.425975439620677
 },
 "C2_k10_p1515": {
  "open_fill": 25.841579520608498,
  "hlc3_fill": 5.570739879269913
 },
 "C3_k3_p0930": {
  "top40": 11.890439091474441,
  "rest": 20.502986389923784
 },
 "C3_k3_p1515": {
  "top40": 21.27807767896373,
  "rest": 27.881743767963428
 },
 "C3_k5_p0930": {
  "top40": 11.169498674601314,
  "rest": 21.71355149122104
 },
 "C3_k5_p1515": {
  "top40": 18.570768453796365,
  "rest": 29.213409929702138
 },
 "C4_k3_p0930": {
  "capped": 18.242350451458247,
  "uncapped": 17.142668452405097
 },
 "C4_k3_p1515": {
  "capped": 31.26346960563616,
  "uncapped": 26.562303594031526
 },
 "C4_k5_p0930": {
  "capped": 17.92861804551696,
  "uncapped": 18.31097661803784
 },
 "C4_k5_p1515": {
  "capped": 28.349991999606793,
  "uncapped": 28.932498412675642
 },
 "C4_k10_p0930": {
  "capped": 18.442590037741237,
  "uncapped": 18.656571792651455
 },
 "C4_k10_p1515": {
  "capped": 24.945447945507787,
  "uncapped": 25.841579520608498
 }
}