{
 "T1_short_k3_p0930": {
  "gross": 9.101915928622251,
  "t": 3.219266773038879,
  "n": 979,
  "win": 0.5607763023493361,
  "net6": 3.101915928622251,
  "net10": -0.8980840713777489,
  "h1": 2.5461813913498332,
  "h2": 3.656516313777791,
  "neg": -1.2285206825482424
 },
 "T1_short_k3_p1015": {
  "gross": 7.852240656587718,
  "t": 2.135270301973418,
  "n": 978,
  "win": 0.5593047034764826,
  "net6": 1.8522406565877176,
  "net10": -2.1477593434122824,
  "h1": 0.6701907250964654,
  "h2": 3.0294658944810458,
  "neg": -0.11790944405984671
 },
 "T1_short_k3_p1115": {
  "gross": 8.450604016681554,
  "t": 1.9329762269456443,
  "n": 978,
  "win": 0.556237218813906,
  "net6": 2.450604016681554,
  "net10": -1.5493959833184459
 },
 "T1_short_k3_p1215": {
  "gross": 8.885466382731828,
  "t": 1.8528274187981861,
  "n": 979,
  "win": 0.567926455566905,
  "net6": 2.8854663827318277,
  "net10": -1.1145336172681723
 },
 "T1_short_k3_p1315": {
  "gross": 11.327693533937818,
  "t": 2.3525679608377925,
  "n": 978,
  "win": 0.5674846625766872,
  "net6": 5.327693533937818,
  "net10": 1.3276935339378184,
  "h1": 6.027169599142237,
  "h2": 4.63107247308117,
  "neg": 1.4094823479395098
 },
 "T1_short_k3_p1415": {
  "gross": 10.954589181472372,
  "t": 2.1400360863471906,
  "n": 978,
  "win": 0.5572597137014315,
  "net6": 4.954589181472372,
  "net10": 0.9545891814723717,
  "h1": 4.416987930440968,
  "h2": 5.489996141683239,
  "neg": 2.4039514394751755
 },
 "T1_short_k3_p1515": {
  "gross": 11.736582623097425,
  "t": 2.088282868962777,
  "n": 978,
  "win": 0.5480572597137015,
  "net6": 5.736582623097425,
  "net10": 1.7365826230974246,
  "h1": 2.850153199001806,
  "h2": 8.611230702604901,
  "neg": 2.1064150227136587
 },
 "T1_short_k5_p0930": {
  "gross": 10.59481110093467,
  "t": 4.556961361759811,
  "n": 979,
  "win": 0.5720122574055159,
  "net6": 4.59481110093467,
  "net10": 0.5948111009346704,
  "h1": 3.6078256521683425,
  "h2": 5.579782293683106,
  "neg": -1.8783053958616192
 },
 "T1_short_k5_p1015": {
  "gross": 9.633483700550451,
  "t": 3.202863649943954,
  "n": 978,
  "win": 0.5633946830265849,
  "net6": 3.6334837005504514,
  "net10": -0.36651629944954855,
  "h1": 1.6236500722759821,
  "h2": 5.635113926260537,
  "neg": -0.21363718253119313
 },
 "T1_short_k5_p1115": {
  "gross": 11.207572114946702,
  "t": 3.0477219542710396,
  "n": 978,
  "win": 0.5572597137014315,
  "net6": 5.207572114946702,
  "net10": 1.2075721149467018,
  "h1": 4.175673331433524,
  "h2": 6.2352590666904355,
  "neg": -0.8096730608907334
 },
 "T1_short_k5_p1215": {
  "gross": 11.567715645428885,
  "t": 2.798493518188827,
  "n": 979,
  "win": 0.5709908069458631,
  "net6": 5.567715645428885,
  "net10": 1.5677156454288852,
  "h1": 7.277394496978703,
  "h2": 3.861525934392434,
  "neg": 1.1274306832394219
 },
 "T1_short_k5_p1315": {
  "gross": 13.38036615966354,
  "t": 3.3131981060689837,
  "n": 978,
  "win": 0.5613496932515337,
  "net6": 7.38036615966354,
  "net10": 3.3803661596635397,
  "h1": 8.55650968414697,
  "h2": 6.209023220994329,
  "neg": 1.6455418940057855
 },
 "T1_short_k5_p1415": {
  "gross": 13.242760586230746,
  "t": 3.073291881127535,
  "n": 978,
  "win": 0.5449897750511248,
  "net6": 7.242760586230746,
  "net10": 3.2427605862307463,
  "h1": 7.102740502796399,
  "h2": 7.382209159120464,
  "neg": 2.9739153988854508
 },
 "T1_short_k5_p1515": {
  "gross": 13.379232149694422,
  "t": 2.8319896950475276,
  "n": 978,
  "win": 0.5480572597137015,
  "net6": 7.379232149694422,
  "net10": 3.379232149694422,
  "h1": 5.442479173842864,
  "h2": 9.30808001135883,
  "neg": 2.3630627616657396
 },
 "T1_short_k10_p0930": {
  "gross": 11.384250490578086,
  "t": 6.3217962218781985,
  "n": 979,
  "win": 0.5975485188968335,
  "net6": 5.384250490578086,
  "net10": 1.3842504905780864,
  "h1": 5.590278534425561,
  "h2": 5.17864291212622,
  "neg": -2.7914131892951524
 },
 "T1_short_k10_p1015": {
  "gross": 11.638331297407845,
  "t": 4.948325682331654,
  "n": 978,
  "win": 0.5869120654396728,
  "net6": 5.638331297407845,
  "net10": 1.638331297407845,
  "h1": 4.862479221035185,
  "h2": 6.411016630611638,
  "neg": 0.6684659347721746
 },
 "T1_short_k10_p1115": {
  "gross": 12.350457475785573,
  "t": 4.271580406423762,
  "n": 978,
  "win": 0.5736196319018405,
  "net6": 6.350457475785573,
  "net10": 2.350457475785573,
  "h1": 6.5448637976825115,
  "h2": 6.15684464908005,
  "neg": -0.1438853434061773
 },
 "T1_short_k10_p1215": {
  "gross": 12.678149000653582,
  "t": 3.713543132332479,
  "n": 979,
  "win": 0.5648621041879469,
  "net6": 6.6781490006535815,
  "net10": 2.6781490006535815,
  "h1": 8.736779156588904,
  "h2": 4.62372013075078,
  "neg": -0.4154680736420717
 },
 "T1_short_k10_p1315": {
  "gross": 14.240232888814921,
  "t": 4.317028667934107,
  "n": 978,
  "win": 0.549079754601227,
  "net6": 8.240232888814921,
  "net10": 4.240232888814921,
  "h1": 10.163523008884642,
  "h2": 6.324792932500589,
  "neg": 1.9053221526736017
 },
 "T1_short_k10_p1415": {
  "gross": 15.059146839428221,
  "t": 4.2841130919207595,
  "n": 978,
  "win": 0.5531697341513292,
  "net6": 9.059146839428221,
  "net10": 5.059146839428221,
  "h1": 10.155650129117902,
  "h2": 7.967119073369931,
  "neg": 2.8943822943263804
 },
 "T1_short_k10_p1515": {
  "gross": 14.86767429223704,
  "t": 3.7949414283853047,
  "n": 978,
  "win": 0.5480572597137015,
  "net6": 8.86767429223704,
  "net10": 4.867674292237041,
  "h1": 8.413397920528256,
  "h2": 9.320096474673543,
  "neg": 2.365559779413241
 },
 "T1b_sig_gap_short_k3_p0930": {
  "gross": 23.142668452405097,
  "t": 7.152213996994708,
  "n": 982,
  "net6": 17.142668452405097,
  "h1": 18.219687490516847,
  "h2": 16.070027540464526,
  "neg": -3.256100155166218
 },
 "T1b_sig_gap_short_k3_p1015": {
  "gross": 31.33575997477228,
  "t": 8.191580525841397,
  "n": 981,
  "net6": 25.33575997477228,
  "h1": 26.61800388081619,
  "h2": 24.056127563445376,
  "neg": -0.24823830444569772
 },
 "T1b_sig_gap_short_k3_p1515": {
  "gross": 32.562303594031526,
  "t": 6.096545710824767,
  "n": 981,
  "net6": 26.562303594031526,
  "h1": 34.8939755230984,
  "h2": 18.247600446897568,
  "neg": -3.378256578630402
 },
 "T1b_sig_gap_short_k5_p0930": {
  "gross": 24.31097661803784,
  "t": 9.691020166524245,
  "n": 982,
  "net6": 18.31097661803784,
  "h1": 19.218031170779394,
  "h2": 17.40760927892532,
  "neg": -3.33718161915431
 },
 "T1b_sig_gap_short_k5_p1015": {
  "gross": 30.821003212470288,
  "t": 9.912778632604342,
  "n": 981,
  "net6": 24.821003212470288,
  "h1": 23.889750660286474,
  "h2": 25.750359119944964,
  "neg": 0.6091885310939738
 },
 "T1b_sig_gap_short_k5_p1515": {
  "gross": 34.93249841267564,
  "t": 7.971076510186157,
  "n": 981,
  "net6": 28.932498412675642,
  "h1": 33.6847665623016,
  "h2": 24.189909016918577,
  "neg": -0.1579538044855262
 },
 "T1b_sig_gap_short_k10_p0930": {
  "gross": 24.656571792651455,
  "t": 13.628517004915404,
  "n": 982,
  "net6": 18.656571792651455,
  "h1": 18.899798125885592,
  "h2": 18.414334184349165,
  "neg": -3.059811698392518
 },
 "T1b_sig_gap_short_k10_p1015": {
  "gross": 29.59887819536453,
  "t": 12.60593986696867,
  "n": 981,
  "net6": 23.59887819536453,
  "h1": 22.067676061313197,
  "h2": 25.126961791464637,
  "neg": 1.0391439836511775
 },
 "T1b_sig_gap_short_k10_p1515": {
  "gross": 31.841579520608498,
  "t": 8.952816706961052,
  "n": 981,
  "net6": 25.841579520608498,
  "h1": 28.772120290908667,
  "h2": 22.91700726511546,
  "neg": 0.9116691045441732
 },
 "T1b_sig_comb_short_k3_p0930": {
  "gross": 26.955097161856163,
  "t": 9.442413875385636,
  "n": 979,
  "net6": 20.955097161856163,
  "h1": 20.805398435030874,
  "h2": 21.104490381075685,
  "neg": -1.2285206825482424
 },
 "T1b_sig_comb_short_k3_p1015": {
  "gross": 30.069886290138307,
  "t": 8.475055248536977,
  "n": 978,
  "net6": 24.069886290138307,
  "h1": 24.422718398168932,
  "h2": 23.71849431316086,
  "neg": -0.11790944405984671
 },
 "T1b_sig_comb_short_k3_p1515": {
  "gross": 36.57823380240901,
  "t": 7.1811319332755605,