{
 "auction_x_0930": {
  "short": {
   "mean": 15.091189681376612,
   "t": 7.6210819441822535,
   "n": 4215,
   "win": 0.5954922894424673,
   "h1": 14.143276509359684,
   "h2": 16.03865317921327,
   "sharpe": 1.8448723353032075
  },
  "long": {
   "mean": 13.070870555664888,
   "t": 7.121626770583417,
   "n": 4215,
   "win": 0.5874258600237248,
   "h1": 11.135138981463031,
   "h2": 15.00568385113136,
   "sharpe": 1.7239667946929331
  },
  "book": {
   "mean": 14.081030118520749,
   "t": 9.118297604563702,
   "n": 843,
   "win": 0.641755634638197,
   "h1": 12.67526544803454,
   "h2": 15.483463593105332,
   "sharpe": 4.935696559870479
  },
  "fill_rate": 1.0
 },
 "f_0920_x_0930": {
  "short": {
   "mean": -3.4624042791202334,
   "t": -3.487290648677813,
   "n": 4215,
   "win": 0.48208778173190986,
   "h1": -4.52659215919131,
   "h2": -2.398721232009344,
   "sharpe": -0.8441853912643638
  },
  "long": {
   "mean": -3.770902774026284,
   "t": -4.211658949069382,
   "n": 4215,
   "win": 0.45504151838671414,
   "h1": -4.23276442420919,
   "h2": -3.309260223297925,
   "sharpe": -1.019536745278233
  },
  "book": {
   "mean": -3.616653526573259,
   "t": -5.135768964913593,
   "n": 843,
   "win": 0.4033214709371293,
   "h1": -4.372217298755564,
   "h2": -2.8628801898700598,
   "sharpe": -2.7799703751418066
  },
  "fill_rate": 1.0
 },
 "f_0925_x_0930": {
  "short": {
   "mean": -5.4165795350725725,
   "t": -7.864431946551623,
   "n": 4215,
   "win": 0.434638196915777,
   "h1": -6.6617281644988555,
   "h2": -4.172021583364234,
   "sharpe": -1.9037812527581544
  },
  "long": {
   "mean": -6.05640701490301,
   "t": -10.286769227010671,
   "n": 4215,
   "win": 0.40094899169632264,
   "h1": -6.2349784486733775,
   "h2": -5.877920292438985,
   "sharpe": -2.4901682078156253
  },
  "book": {
   "mean": -5.73649327498779,
   "t": -11.886431642016584,
   "n": 843,
   "win": 0.29655990510083036,
   "h1": -6.442558270126784,
   "h2": -5.032101419647704,
   "sharpe": -6.434075998492707
  },
  "fill_rate": 1.0
 },
 "vwap15_x_0930": {
  "short": {
   "mean": -0.38174336565520883,
   "t": -0.51389648056883,
   "n": 4215,
   "win": 0.5001186239620403,
   "h1": -1.80129212749731,
   "h2": 1.0371319859583141,
   "sharpe": -0.12440141795547187
  },
  "long": {
   "mean": -2.106312875167639,
   "t": -3.1639719816968936,
   "n": 4215,
   "win": 0.4718861209964413,
   "h1": -2.333801248226039,
   "h2": -1.8789324187947505,
   "sharpe": -0.765918070617648
  },
  "book": {
   "mean": -1.2440281204114234,
   "t": -2.2981564288320984,
   "n": 843,
   "win": 0.44483985765124556,
   "h1": -2.048468009749865,
   "h2": -0.44149448673492114,
   "sharpe": -1.243982514252841
  },
  "fill_rate": 1.0
 },
 "limit_x_0930": {
  "short": {
   "mean": -20.594813418988394,
   "t": -9.129272688287344,
   "n": 3056,
   "win": 0.4443717277486911,
   "h1": -25.232197675029745,
   "h2": -15.957429162947044,
   "sharpe": -2.595421997511304
  },
  "long": {
   "mean": -20.299145824647802,
   "t": -9.79779668466457,
   "n": 3050,
   "win": 0.4373770491803279,
   "h1": -21.56988533443256,
   "h2": -19.02840631486304,
   "sharpe": -2.788219627546825
  },
  "book": {
   "mean": -14.810218810629221,
   "t": -11.597079462702679,
   "n": 843,
   "win": 0.33926453143534996,
   "h1": -16.51758273032279,
   "h2": -13.106900777001277,
   "sharpe": -6.277450867578371
  },
  "fill_rate": 0.7243179122182681
 },
 "auction_x_1015": {
  "short": {
   "mean": 22.440802354005868,
   "t": 9.324492082652917,
   "n": 4205,
   "win": 0.6090368608799048,
   "h1": 23.821028822278368,
   "h2": 21.061232198842387,
   "sharpe": 2.25990748771886
  },
  "long": {
   "mean": 9.007629390441947,
   "t": 4.192222435774232,
   "n": 4205,
   "win": 0.5600475624256838,
   "h1": 8.453400585103598,
   "h2": 9.561594653790122,
   "sharpe": 1.0160376338797554
  },
  "book": {
   "mean": 15.724215872223905,
   "t": 8.553281891735036,
   "n": 841,
   "win": 0.6420927467300832,
   "h1": 16.057189666057923,
   "h2": 15.392032990014192,
   "sharpe": 4.635357815391265
  },
  "fill_rate": 1.0
 },
 "f_0920_x_1015": {
  "short": {
   "mean": 3.8117405998773637,
   "t": 2.177883663928178,
   "n": 4205,
   "win": 0.5438763376932223,
   "h1": 5.022955675402367,
   "h2": 2.6011014706555105,
   "sharpe": 0.5278373938081102
  },
  "long": {
   "mean": -7.715005229626226,
   "t": -5.351430247669795,
   "n": 4205,
   "win": 0.45422116527942924,
   "h1": -6.75695430328104,
   "h2": -8.672600592050182,
   "sharpe": -1.296986171419791
  },
  "book": {
   "mean": -1.951632314874433,
   "t": -1.6363445278943483,
   "n": 841,
   "win": 0.4780023781212842,
   "h1": -0.8741877540643898,
   "h2": -3.0265176249462096,
   "sharpe": -0.8867990663767508
  },
  "fill_rate": 1.0
 },
 "f_0925_x_1015": {
  "short": {
   "mean": 1.7659478977534184,
   "t": 1.1260229233686465,
   "n": 4205,
   "win": 0.5281807372175981,
   "h1": 2.6749208431013676,
   "h2": 0.8574071791983132,
   "sharpe": 0.2729057640145358
  },
  "long": {
   "mean": -9.879976315126804,
   "t": -7.7036629622570265,
   "n": 4205,
   "win": 0.43495838287752675,
   "h1": -8.51716375217557,
   "h2": -11.242140845475587,
   "sharpe": -1.8670792421664963
  },
  "book": {
   "mean": -4.057014208686694,
   "t": -3.8264866964550155,
   "n": 841,
   "win": 0.44946492271105826,
   "h1": -2.9194653080847446,
   "h2": -5.191861092897664,
   "sharpe": -2.0737227228583106
  },
  "fill_rate": 1.0
 },
 "f_0930_x_1015": {
  "short": {
   "mean": 1.0685178408459504,
   "t": 0.7492026288598946,
   "n": 4205,
   "win": 0.5250891795481569,
   "h1": 3.1742048299839793,
   "h2": -1.036167870598718,
   "sharpe": 0.18157864425977577
  },
  "long": {
   "mean": -9.720994771794789,
   "t": -8.204861914068308,
   "n": 4205,
   "win": 0.43115338882282994,
   "h1": -8.171547847155484,
   "h2": -11.269704917107115,
   "sharpe": -1.9885510879244377
  },
  "book": {
   "mean": -4.326238465474421,
   "t": -4.489737534492721,
   "n": 841,
   "win": 0.4399524375743163,
   "h1": -2.49332043406196,
   "h2": -6.1548027723467085,
   "sharpe": -2.433164279278152
  },
  "fill_rate": 1.0
 },
 "vwap15_x_1015": {
  "short": {
   "mean": 6.8376509386751065,
   "t": 4.266432843802799,
   "n": 4205,
   "win": 0.5567181926278241,
   "h1": 7.6215993729487925,
   "h2": 6.054075280642159,
   "sharpe": 1.0340234560868902
  },
  "long": {
   "mean": -5.991591217661615,
   "t": -4.5018943091619015,
   "n": 4205,
   "win": 0.4544589774078478,
   "h1": -4.729409989809067,
   "h2": -7.253172264236059,
   "sharpe": -1.091090492437775
  },
  "book": {
   "mean": 0.4230298605067445,
   "t": 0.37795945806717834,
   "n": 841,
   "win": 0.5219976218787158,
   "h1": 1.4335783782995637,
   "h2": -0.5851183045122197,
   "sharpe": 0.2048310052245166
  },
  "fill_rate": 1.0
 },
 "limit_x_1015": {
  "short": {
   "mean": -12.075023938670606,
   "t": -4.25274606899699,
   "n": 3047,
   "win": 0.49983590416803414,
   "h1": -13.127178988570716,
   "h2": -11.023559279223186,
   "sharpe": -1.2108258978590738
  },
  "long": {
   "mean": -23.902554241176546,
   "t": -9.523633402833012,
   "n": 3043,
   "win": 0.44002628984554715,
   "h1": -24.435763109003158,
   "h2": -23.369695707691474,
   "sharpe": -2.7133147144231646
  },
  "book": {
   "mean": -13.023551783237762,
   "t": -8.314755576147157,
   "n": 841,
   "win": 0.3923900118906064,
   "h1": -13.539764925709633,
   "h2": -12.5085648002492,
   "sharpe": -4.506091080688514
  },
  "fill_rate": 0.7241379310344828
 },
 "auction_x_1515": {
  "short": {
   "mean": 27.22453388591283,
   "t": 7.851342708142878,
   "n": 4205,
   "win": 0.5919143876337694,
   "h1": 34.02425220683828,
   "h2": 20.42804890703253,
   "sharpe": 1.902871278939496
  },
  "long": {
   "mean": 11.590965882785378,
   "t": 3.6402188746295696,
   "n": 4205,
   "win": 0.5379310344827586,
   "h1": 8.520051063769484,
   "h2": 14.660420447488852,
   "sharpe": 0.8822526544920762
  },
  "book": {
   "mean": 19.4077498843491,
   "t": 7.46049928814167,
   "n": 841,