{
    "v10_top_decile_bps": 5.268932589695027,
    "v18_pass_bps": 9.611296322259959,
    "v18_pass_count": 21430,
    "v18_win_rate": 0.5233784414372376,
    "roc_auc": 0.5243037777473359
}