{
  "cost_bps": 10,
  "breakout_th_bps": 20,
  "prob_threshold": 0.62,
  "summary": {
    "A1_L": {
      "n": 90,
      "raw_bps": 8.67,
      "raw_hit": 0.5444,
      "net_bps": -1.33,
      "hit": 0.4778,
      "t": -0.133,
      "p": 0.8945,
      "sig": "ns",
      "pos_folds": 4,
      "total_folds": 7
    },
    "A1_S": {
      "n": 326,
      "raw_bps": -1.124,
      "raw_hit": 0.5521,
      "net_bps": -11.124,
      "hit": 0.5153,
      "t": -1.602,
      "p": 0.11016,
      "sig": "ns",
      "pos_folds": 2,
      "total_folds": 8
    },
    "A3_L": {
      "n": 211,
      "raw_bps": 3.771,
      "raw_hit": 0.5403,
      "net_bps": -6.229,
      "hit": 0.4929,
      "t": -0.878,
      "p": 0.38081,
      "sig": "ns",
      "pos_folds": 4,
      "total_folds": 8
    },
    "A3_S": {
      "n": 687,
      "raw_bps": -2.426,
      "raw_hit": 0.556,
      "net_bps": -12.426,
      "hit": 0.4949,
      "t": -2.625,
      "p": 0.00885,
      "sig": "**",
      "pos_folds": 2,
      "total_folds": 8
    },
    "B_L": {
      "n": 324,
      "raw_bps": 6.776,
      "raw_hit": 0.5463,
      "net_bps": -3.224,
      "hit": 0.4877,
      "t": -0.49,
      "p": 0.62473,
      "sig": "ns",
      "pos_folds": 2,
      "total_folds": 8
    },
    "B_S": {
      "n": 589,
      "raw_bps": 3.657,
      "raw_hit": 0.5705,
      "net_bps": -6.343,
      "hit": 0.5178,
      "t": -1.191,
      "p": 0.23426,
      "sig": "ns",
      "pos_folds": 5,
      "total_folds": 8
    }
  },
  "folds": [
    {
      "fold": 1,
      "A1_L": [
        14,
        0.004805059469467901,
        0.5714285714285714
      ],
      "A1_S": [
        77,
        -0.0030783820361135845,
        0.45454545454545453
      ],
      "A3_L": [
        30,
        7.676103050546302e-05,
        0.5333333333333333
      ],
      "A3_S": [
        157,
        -0.0027005087050013415,
        0.45222929936305734
      ],
      "B_L": [
        47,
        0.003657591587083036,
        0.574468085106383
      ],
      "B_S": [
        115,
        -0.0020637122350256032,
        0.4782608695652174
      ]
    },
    {
      "fold": 2,
      "A1_L": [
        13,
        -0.0023960329253898075,
        0.3076923076923077
      ],
      "A1_S": [
        7,
        -0.004535285978372786,
        0.42857142857142855
      ],
      "A3_L": [
        29,
        -0.0003832998979386861,
        0.4827586206896552
      ],
      "A3_S": [
        16,
        0.0025238944737465746,
        0.5625
      ],
      "B_L": [
        46,
        -0.00019676919969276348,
        0.5
      ],
      "B_S": [
        14,
        0.00037770883197557853,
        0.5714285714285714
      ]
    },
    {
      "fold": 3,
      "A1_L": [
        16,
        -0.007121038459756331,
        0.25
      ],
      "A1_S": [
        65,
        0.0032123720649854534,
        0.6153846153846154
      ],
      "A3_L": [
        37,
        -0.0036940926460653114,
        0.35135135135135137
      ],
      "A3_S": [
        121,
        0.0009721903945838694,
        0.5041322314049587
      ],
      "B_L": [
        70,
        -0.002094963217451175,
        0.4
      ],
      "B_S": [
        112,
        0.001274453080668796,
        0.5357142857142857
      ]
    },
    {
      "fold": 4,
      "A1_L": [
        0,
        0.0,
        0.0
      ],
      "A1_S": [
        43,
        -0.001398290026180244,
        0.5813953488372093
      ],
      "A3_L": [
        1,
        0.0088964326812427,
        1.0
      ],
      "A3_S": [
        95,
        -0.00114008867525842,
        0.5578947368421052
      ],
      "B_L": [
        5,
        -0.00015654875630158002,
        0.2
      ],
      "B_S": [
        87,
        0.00010878974303928524,
        0.5747126436781609
      ]
    },
    {
      "fold": 5,
      "A1_L": [
        4,
        0.004670241876847049,
        0.5
      ],
      "A1_S": [
        11,
        -0.003913623975902509,
        0.36363636363636365
      ],
      "A3_L": [
        11,
        0.0038459522737767735,
        0.6363636363636364
      ],
      "A3_S": [
        22,
        -0.004216681859586427,
        0.4090909090909091
      ],
      "B_L": [
        18,
        -0.002930077719726923,
        0.5
      ],
      "B_S": [
        18,
        0.002618986736321684,
        0.4444444444444444
      ]
    },
    {
      "fold": 6,
      "A1_L": [
        17,
        0.0023149495073781583,
        0.6470588235294118
      ],
      "A1_S": [
        55,
        0.0005099134891957432,
        0.6
      ],
      "A3_L": [
        36,
        -0.0015320714502350386,
        0.4722222222222222
      ],
      "A3_S": [
        128,
        -0.0002531525198505302,
        0.5390625
      ],
      "B_L": [
        59,
        -0.001355324382929368,
        0.4915254237288136
      ],
      "B_S": [
        110,
        0.00017845459152302456,
        0.5818181818181818
      ]
    },
    {
      "fold": 7,
      "A1_L": [
        2,
        -0.00442454133557235,
        0.0
      ],
      "A1_S": [
        43,
        -0.003098466466645523,
        0.4186046511627907
      ],
      "A3_L": [
        4,
        -0.00456831102436205,
        0.25
      ],
      "A3_S": [
        100,
        -0.0019860656641541626,
        0.45
      ],
      "B_L": [
        10,
        -0.00357352453555698,
        0.2
      ],
      "B_S": [
        87,
        -0.001703558585141199,
        0.45977011494252873
      ]
    },
    {
      "fold": 8,
      "A1_L": [
        24,
        0.0006940922504916833,
        0.5833333333333334
      ],
      "A1_S": [
        25,
        -0.0037718157013267957,
        0.4
      ],
      "A3_L": [
        63,
        0.0005760119031304682,
        0.5555555555555556
      ],
      "A3_S": [
        48,
        -0.0032419771988184067,
        0.4791666666666667
      ],
      "B_L": [
        69,
        0.0007039602563118834,
        0.5652173913043478
      ],
      "B_S": [
        46,
        -0.004615579569306106,
        0.43478260869565216
      ]
    }
  ]
}