{
  "holdout_month": "2026-05",
  "tickers_universe_size": 172,
  "config": {
    "hourly_topk": 3,
    "conv_30m_topk": 5,
    "conv_15m_topk": 5,
    "ibs_long_threshold": 0.4,
    "ibs_short_threshold": 0.6,
    "s2_max_bars": 4,
    "s2_rank_drop_threshold": 15,
    "s2_conv_weakness_ratio": 0.3,
    "s3_stop_loss_pct": -0.005,
    "s3_take_profit_pct": 0.008,
    "s3_max_bars": 6,
    "transaction_cost_pct": 0.03
  },
  "strategies": {
    "strategy_1_single_bar": {
      "strategy": "S1: Confluence + Single-Bar Hold",
      "total_trades": 54,
      "wins": 28,
      "losses": 26,
      "win_rate": 0.5185185185185185,
      "long_win_rate": 0.5833333333333334,
      "short_win_rate": 0.5,
      "long_trades": 12,
      "short_trades": 42,
      "total_return": 0.05978698480626563,
      "avg_return": 0.0011071663853012153,
      "avg_trades_per_day": 3.375,
      "green_day_rate": 0.6875,
      "profit_factor": 1.6754066035181687,
      "max_drawdown": -0.020717768775128917,
      "avg_bars_held": 1.0
    },
    "strategy_2_dynamic": {
      "strategy": "S2: Confluence + Dynamic Conviction Exit",
      "total_trades": 48,
      "wins": 26,
      "losses": 22,
      "win_rate": 0.5416666666666666,
      "long_win_rate": 0.5833333333333334,
      "short_win_rate": 0.5277777777777778,
      "long_trades": 12,
      "short_trades": 36,
      "total_return": 0.05281649722262268,
      "avg_return": 0.0011003436921379725,
      "avg_trades_per_day": 3.0,
      "green_day_rate": 0.625,
      "profit_factor": 1.6883461151889467,
      "max_drawdown": -0.022496425272471123,
      "avg_bars_held": 1.3541666666666667
    },
    "strategy_3_trailing": {
      "strategy": "S3: Confluence + Trailing Stop/TP",
      "total_trades": 49,
      "wins": 24,
      "losses": 25,
      "win_rate": 0.4897959183673469,
      "long_win_rate": 0.5833333333333334,
      "short_win_rate": 0.4594594594594595,
      "long_trades": 12,
      "short_trades": 37,
      "total_return": 0.04788397311761975,
      "avg_return": 0.0009772239411759132,
      "avg_trades_per_day": 3.0625,
      "green_day_rate": 0.625,
      "profit_factor": 1.3541336499352357,
      "max_drawdown": -0.0237932362133124,
      "avg_bars_held": 3.489795918367347
    }
  },
  "backtested_at": "2026-05-29T17:13:14.116736"
}