{
  "holdout_month": "2026-05",
  "tickers_universe_size": 172,
  "strategies": {
    "strategy_1": {
      "strategy": "Daily Macro Gatekeeper",
      "total_trades": 108,
      "wins": 55,
      "losses": 53,
      "win_rate": 0.5092592592592593,
      "long_win_rate": 0.5,
      "short_win_rate": 0.5166666666666667,
      "long_trades": 48,
      "short_trades": 60,
      "total_return": 0.02198224113578516,
      "avg_return": 0.00020353926977578852,
      "avg_trades_per_day": 6.0,
      "green_day_rate": 0.5555555555555556,
      "profit_factor": 1.1683515830819913,
      "max_drawdown": -0.040367557059231216,
      "avg_bars_held": 1.0
    },
    "strategy_2": {
      "strategy": "Short-Side Specialist",
      "total_trades": 17,
      "wins": 10,
      "losses": 7,
      "win_rate": 0.5882352941176471,
      "long_win_rate": 0.0,
      "short_win_rate": 0.5882352941176471,
      "long_trades": 0,
      "short_trades": 17,
      "total_return": 0.004763283826179621,
      "avg_return": 0.0002801931662458601,
      "avg_trades_per_day": 1.8888888888888888,
      "green_day_rate": 0.5555555555555556,
      "profit_factor": 1.1664817472907103,
      "max_drawdown": -0.010124883448258189,
      "avg_bars_held": 3.588235294117647
    },
    "strategy_3": {
      "strategy": "Timeframe Divergence Fade",
      "total_trades": 108,
      "wins": 58,
      "losses": 50,
      "win_rate": 0.5370370370370371,
      "long_win_rate": 0.5272727272727272,
      "short_win_rate": 0.5471698113207547,
      "long_trades": 55,
      "short_trades": 53,
      "total_return": -0.0017293443072056297,
      "avg_return": -1.6012447288941015e-05,
      "avg_trades_per_day": 6.0,
      "green_day_rate": 0.4444444444444444,
      "profit_factor": 0.9862802556485909,
      "max_drawdown": -0.05233611859803171,
      "avg_bars_held": 1.4166666666666667
    },
    "strategy_4": {
      "strategy": "Score Momentum Scalper",
      "total_trades": 144,
      "wins": 71,
      "losses": 73,
      "win_rate": 0.4930555555555556,
      "long_win_rate": 0.5176470588235295,
      "short_win_rate": 0.4576271186440678,
      "long_trades": 85,
      "short_trades": 59,
      "total_return": -0.025089295172206212,
      "avg_return": -0.00017423121647365425,
      "avg_trades_per_day": 8.0,
      "green_day_rate": 0.5555555555555556,
      "profit_factor": 0.8845758789369337,
      "max_drawdown": -0.07720204923115798,
      "avg_bars_held": 1.0486111111111112
    },
    "strategy_5": {
      "strategy": "Power Hour Sniper",
      "total_trades": 72,
      "wins": 30,
      "losses": 42,
      "win_rate": 0.4166666666666667,
      "long_win_rate": 0.4166666666666667,
      "short_win_rate": 0.0,
      "long_trades": 72,
      "short_trades": 0,
      "total_return": -0.016175679849304098,
      "avg_return": -0.0002246622201292236,
      "avg_trades_per_day": 4.0,
      "green_day_rate": 0.3333333333333333,
      "profit_factor": 0.7864056705459664,
      "max_drawdown": -0.03557736094812425,
      "avg_bars_held": 1.0
    },
    "strategy_6": {
      "strategy": "Market-Neutral Pairs",
      "total_trades": 108,
      "wins": 47,
      "losses": 61,
      "win_rate": 0.4351851851851852,
      "long_win_rate": 0.35185185185185186,
      "short_win_rate": 0.5185185185185185,
      "long_trades": 54,
      "short_trades": 54,
      "total_return": -0.020038505692595143,
      "avg_return": -0.00018554171937588094,
      "avg_trades_per_day": 6.0,
      "green_day_rate": 0.3888888888888889,
      "profit_factor": 0.9086613864365317,
      "max_drawdown": -0.05270340527405143,
      "avg_bars_held": 2.962962962962963
    },
    "strategy_7": {
      "strategy": "Volatility Regime Switcher",
      "total_trades": 146,
      "wins": 66,
      "losses": 80,
      "win_rate": 0.4520547945205479,
      "long_win_rate": 0.5113636363636364,
      "short_win_rate": 0.3620689655172414,
      "long_trades": 88,
      "short_trades": 58,
      "total_return": -0.011419039333361823,
      "avg_return": -7.821259817371111e-05,
      "avg_trades_per_day": 8.11111111111111,
      "green_day_rate": 0.4444444444444444,
      "profit_factor": 0.955160446090803,
      "max_drawdown": -0.07651827209269692,
      "avg_bars_held": 1.4383561643835616
    },
    "strategy_8": {
      "strategy": "Opening Range Breakout + Confirmation",
      "total_trades": 14,
      "wins": 9,
      "losses": 5,
      "win_rate": 0.6428571428571429,
      "long_win_rate": 0.5,
      "short_win_rate": 0.75,
      "long_trades": 6,
      "short_trades": 8,
      "total_return": 0.02309313814641608,
      "avg_return": 0.0016495098676011487,
      "avg_trades_per_day": 1.2727272727272727,
      "green_day_rate": 0.6363636363636364,
      "profit_factor": 3.9242314896574544,
      "max_drawdown": -0.005102663707725361,
      "avg_bars_held": 4.714285714285714
    },
    "strategy_9": {
      "strategy": "Conviction Spread Z-Score",
      "total_trades": 108,
      "wins": 44,
      "losses": 64,
      "win_rate": 0.4074074074074074,
      "long_win_rate": 0.4186046511627907,
      "short_win_rate": 0.36363636363636365,
      "long_trades": 86,
      "short_trades": 22,
      "total_return": -0.10612797292129746,
      "avg_return": -0.0009826664159379394,
      "avg_trades_per_day": 6.0,
      "green_day_rate": 0.3888888888888889,
      "profit_factor": 0.48051778327106676,
      "max_drawdown": -0.11889243993241479,
      "avg_bars_held": 1.3055555555555556
    },
    "strategy_10": {
      "strategy": "Quad-Timeframe Unanimous",
      "total_trades": 24,
      "wins": 13,
      "losses": 11,
      "win_rate": 0.5416666666666666,
      "long_win_rate": 0.8571428571428571,
      "short_win_rate": 0.4117647058823529,
      "long_trades": 7,
      "short_trades": 17,
      "total_return": 0.018556191496830493,
      "avg_return": 0.0007731746457012705,
      "avg_trades_per_day": 2.4,
      "green_day_rate": 0.6,
      "profit_factor": 1.6004642111317322,
      "max_drawdown": -0.01319854031453719,
      "avg_bars_held": 1.4583333333333333
    }
  },
  "backtested_at": "2026-05-29T22:38:56.902398"
}