{
  "holdout_month": "2025",
  "tickers_universe_size": 172,
  "strategies": {
    "strategy_TierA_Dual_Short": {
      "strategy": "Vanguard Tier A Dual Short",
      "total_trades": 25,
      "wins": 12,
      "losses": 13,
      "win_rate": 0.48,
      "long_win_rate": 0.0,
      "short_win_rate": 0.48,
      "long_trades": 0,
      "short_trades": 25,
      "total_return": -0.015188348357778037,
      "avg_return": -0.0006075339343111215,
      "avg_trades_per_day": 1.0,
      "green_day_rate": 0.48,
      "profit_factor": 0.8910446650126624,
      "max_drawdown": -0.09004051628163827,
      "avg_bars_held": 24.56
    },
    "strategy_TierB_Pure_Short": {
      "strategy": "Vanguard Tier B Pure Short",
      "total_trades": 23,
      "wins": 8,
      "losses": 15,
      "win_rate": 0.34782608695652173,
      "long_win_rate": 0.0,
      "short_win_rate": 0.34782608695652173,
      "long_trades": 0,
      "short_trades": 23,
      "total_return": -0.028968745416576312,
      "avg_return": -0.0012595106702859265,
      "avg_trades_per_day": 1.0454545454545454,
      "green_day_rate": 0.36363636363636365,
      "profit_factor": 0.6314712971094407,
      "max_drawdown": -0.05843387436038305,
      "avg_bars_held": 5.3478260869565215
    },
    "strategy_TierC_Inverted_Short": {
      "strategy": "Vanguard Tier C Inverted Short",
      "total_trades": 0,
      "wins": 0,
      "losses": 0,
      "win_rate": 0.0,
      "long_win_rate": 0.0,
      "short_win_rate": 0.0,
      "long_trades": 0,
      "short_trades": 0,
      "total_return": 0.0,
      "avg_return": 0.0,
      "avg_trades_per_day": 0.0,
      "green_day_rate": 0.0,
      "profit_factor": 0.0,
      "max_drawdown": 0.0,
      "avg_bars_held": 0.0
    },
    "strategy_TierD_Dual_Long": {
      "strategy": "Vanguard Tier D Dual Long",
      "total_trades": 19,
      "wins": 10,
      "losses": 9,
      "win_rate": 0.5263157894736842,
      "long_win_rate": 0.5263157894736842,
      "short_win_rate": 0.0,
      "long_trades": 19,
      "short_trades": 0,
      "total_return": 0.028532980918444775,
      "avg_return": 0.0015017358378128828,
      "avg_trades_per_day": 1.1176470588235294,
      "green_day_rate": 0.5294117647058824,
      "profit_factor": 1.292431693582092,
      "max_drawdown": -0.05002552056621181,
      "avg_bars_held": 24.526315789473685
    }
  },
  "backtested_at": "2026-06-06T13:37:38.258759"
}