{
  "long_win_rates": {
    "1": 0.5968109339407744,
    "3": 0.6059225512528473,
    "5": 0.5899772209567198
  },
  "short_win_rates": {
    "1": 0.6013667425968109,
    "3": 0.574791192103265,
    "5": 0.5703872437357631
  },
  "top3_long_avg_return": 0.0007595723450521944,
  "top3_short_avg_return": 0.000369349268804258,
  "market_avg_return": 2.6347203547526172e-05
}