{"long_prec@1": 0.6214219759926131, "long_prec@3": 0.6017236072637735, "long_prec@5": 0.5894736842105263, "short_prec@3": 0.6368113265620191, "avg_top3_long_return": 0.0011126141085972784}