{
  "primary_endpoint": "v8_upstox_3y_short",
  "primary_passed": false,
  "primary_results": {
    "n_total": 1252,
    "n_kept": 1116,
    "n_vetoed": 136,
    "keep_pct": 0.8913738019169329,
    "kept_net_bps": -7.75342862133594,
    "vetoed_net_bps": -2.921383344703659,
    "uplift_bps": -4.832045276632281,
    "uplift_t": -0.7790055668815987,
    "abs_t": -3.0731123321901817,
    "passed_uplift": false,
    "passed_abs": false
  },
  "results": {
    "v8_upstox_3y_long": {
      "n_total": 1240,
      "n_kept": 705,
      "n_vetoed": 535,
      "keep_pct": 0.5685483870967742,
      "kept_net_bps": -5.221425936323982,
      "vetoed_net_bps": -11.156000376611589,
      "uplift_bps": 5.934574440287607,
      "uplift_t": 1.5839496927801906,
      "uplift_p": 0.11346271910273195,
      "ci_lower_bps": -0.9081725848709608,
      "ci_upper_bps": 13.38762143167228,
      "abs_t": -1.9266727855173176,
      "abs_p": 0.05442263223981487,
      "passed_uplift": false,
      "passed_abs": false,
      "certified": false
    },
    "v8_upstox_3y_short": {
      "n_total": 1252,
      "n_kept": 1116,
      "n_vetoed": 136,
      "keep_pct": 0.8913738019169329,
      "kept_net_bps": -7.75342862133594,
      "vetoed_net_bps": -2.921383344703659,
      "uplift_bps": -4.832045276632281,
      "uplift_t": -0.7790055668815987,
      "uplift_p": 0.43693097643144424,
      "ci_lower_bps": -16.95302352292356,
      "ci_upper_bps": 7.489711377187683,
      "abs_t": -3.0731123321901817,
      "abs_p": 0.0021698126668797755,
      "passed_uplift": false,
      "passed_abs": false,
      "certified": false
    },
    "v2_15min_3y_long": {
      "n_total": 1559,
      "n_kept": 1212,
      "n_vetoed": 347,
      "keep_pct": 0.777421423989737,
      "kept_net_bps": -3.579147296564569,
      "vetoed_net_bps": -10.023386128404349,
      "uplift_bps": 6.44423883183978,
      "uplift_t": 2.8155922948036363,
      "uplift_p": 0.005022387254300873,
      "ci_lower_bps": 2.1195901463366313,
      "ci_upper_bps": 10.413124409808008,
      "abs_t": -3.01114216409647,
      "abs_p": 0.0026566062282492114,
      "passed_uplift": true,
      "passed_abs": false,
      "certified": false
    },
    "v2_15min_3y_short": {
      "n_total": 1559,
      "n_kept": 1521,
      "n_vetoed": 38,
      "keep_pct": 0.9756254008980115,
      "kept_net_bps": -7.9868252740344285,
      "vetoed_net_bps": -13.359644061890336,
      "uplift_bps": 5.372818787855907,
      "uplift_t": 0.4471986475164396,
      "uplift_p": 0.6572702250702946,
      "ci_lower_bps": -16.737061678011663,
      "ci_upper_bps": 28.013814718801665,
      "abs_t": -5.7699689370147755,
      "abs_p": 9.59135111520868e-09,
      "passed_uplift": false,
      "passed_abs": false,
      "certified": false
    }
  },
  "timestamp": "2026-06-10T21:31:33.668613"
}