{
  "features": [
    "Return",
    "HL_Range",
    "OC_Range",
    "IBS",
    "Return_5D",
    "Return_10D",
    "Return_20D",
    "ADX_14",
    "DI_Spread",
    "Dist_SMA_20",
    "Dist_SMA_50",
    "RSI_14",
    "RSI_7",
    "WPR_14",
    "Stoch_K",
    "Stoch_D",
    "MACD_Hist_Scaled",
    "Vortex_Spread",
    "ATR_14_Pct",
    "Vol_Ratio_5_20",
    "PercentB",
    "BB_Width",
    "Volume_Zscore",
    "RVOL",
    "CMF_20",
    "Candle_Body_Ratio",
    "Lower_Shadow",
    "Upper_Shadow",
    "Overnight_Gap",
    "Position_In_52W",
    "Market_Mean_Return",
    "Relative_Return",
    "Market_Mean_Volatility",
    "Relative_Volatility"
  ],
  "num_features": 34,
  "data_source": "upstox_5y_daily_transformer_v2",
  "data_file": "data/ranking_data_upstox_daily_5y_transformer.csv",
  "total_days": 1219,
  "total_sequences": 208647,
  "walk_forward_summary": {
    "avg_long_spearman": -0.019470372710655454,
    "avg_short_spearman": -0.019470372710655454,
    "avg_long_win_rate_k3": 0.46294344584936226,
    "avg_short_win_rate_k3": 0.48072662764082263,
    "avg_long_return_edge_k3": -0.0005015451461076736,
    "avg_short_return_edge_k3": -0.0005894472706131637,
    "avg_combined_edge_k3": -0.0010909924749284983
  },
  "walk_forward_folds": [
    {
      "fold": 1,
      "long_rho": -0.024183308309998305,
      "short_rho": -0.024183308309998305,
      "long_win_rates": {
        "1": 0.4409448818897638,
        "3": 0.4671916010498688,
        "5": 0.462992125984252
      },
      "short_win_rates": {
        "1": 0.5590551181102362,
        "3": 0.49606299212598426,
        "5": 0.5039370078740157
      },
      "long_edge": -0.0014996201498433948,
      "short_edge": -0.0007507363916374743,
      "combined_edge": -0.00225035659968853
    },
    {
      "fold": 2,
      "long_rho": -0.017948221731620397,
      "short_rho": -0.017948221731620397,
      "long_win_rates": {
        "1": 0.47107438016528924,
        "3": 0.4462809917355372,
        "5": 0.4512396694214876
      },
      "short_win_rates": {
        "1": 0.5454545454545454,
        "3": 0.4986225895316804,
        "5": 0.5223140495867769
      },
      "long_edge": -0.0008341411594301462,
      "short_edge": -0.0011777488980442286,
      "combined_edge": -0.0020118900574743748
    },
    {
      "fold": 3,
      "long_rho": -0.012821835318060023,
      "short_rho": -0.012821835318060023,
      "long_win_rates": {
        "1": 0.47244094488188976,
        "3": 0.49868766404199477,
        "5": 0.494488188976378
      },
      "short_win_rates": {
        "1": 0.5590551181102362,
        "3": 0.49343832020997375,
        "5": 0.5055118110236221
      },
      "long_edge": 0.001361545640975237,
      "short_edge": 0.00032346538500860333,
      "combined_edge": 0.0016850109677761793
    },
    {
      "fold": 4,
      "long_rho": -0.022928125482943096,
      "short_rho": -0.022928125482943096,
      "long_win_rates": {
        "1": 0.4492753623188406,
        "3": 0.4396135265700483,
        "5": 0.45072463768115945
      },
      "short_win_rates": {
        "1": 0.3695652173913043,
        "3": 0.43478260869565216,
        "5": 0.4463768115942029
      },
      "long_edge": -0.0010339651489630342,
      "short_edge": -0.0007527692359872162,
      "combined_edge": -0.0017867343267425895
    }
  ],
  "production_training": {
    "train_months": [
      "2021-05",
      "2021-06",
      "2021-07",
      "2021-08",
      "2021-09",
      "2021-10",
      "2021-11",
      "2021-12",
      "2022-01",
      "2022-02",
      "2022-03",
      "2022-04",
      "2022-05",
      "2022-06",
      "2022-07",
      "2022-08",
      "2022-09",
      "2022-10",
      "2022-11",
      "2022-12",
      "2023-01",
      "2023-02",
      "2023-03",
      "2023-04",
      "2023-05",
      "2023-06",
      "2023-07",
      "2023-08",
      "2023-09",
      "2023-10",
      "2023-11",
      "2023-12",
      "2024-01",
      "2024-02",
      "2024-03",
      "2024-04",
      "2024-05",
      "2024-06",
      "2024-07",
      "2024-08",
      "2024-09",
      "2024-10",
      "2024-11",
      "2024-12",
      "2025-01",
      "2025-02",
      "2025-03",
      "2025-04",
      "2025-05",
      "2025-06",
      "2025-07",
      "2025-08",
      "2025-09",
      "2025-10",
      "2025-11",
      "2025-12",
      "2026-01",
      "2026-02",
      "2026-03"
    ],
    "val_months": [
      "2026-04",
      "2026-05"
    ],
    "lookback_len": 20,
    "d_model": 64,
    "nhead": 4,
    "num_layers": 2
  },
  "trained_at": "2026-05-29T21:43:20.257017"
}