{
  "spearman_mean": 0.23481110764133467,
  "top_1_accuracy": 0.09171949286846276,
  "top_3_overlap": 0.1590729001584786,
  "avg_return_top1": 0.003318327032184294,
  "avg_return_top3": 0.0024750318383871595,
  "mae": 0.04009391256389988,
  "rmse": 0.05426551365948267
}