{
  "objective": "listwise",
  "target": "long",
  "val_best_metric": -0.0006137321913129704,
  "test": {
    "rho": 0.014445833110355568,
    "n_ts": 2015,
    "K1_net_6": 1.2019675970077515,
    "K1_net_10": -2.7980334758758545,
    "K3_net_6": 0.8326761722564697,
    "K3_net_10": -3.1673247814178467,
    "K5_net_6": -1.03802490234375,
    "K5_net_10": -5.038026332855225
  }
}