{
  "objective": "listwise",
  "target": "long",
  "val_best_metric": -0.007380495642909563,
  "test": {
    "rho": 0.004117633133238089,
    "n_ts": 2599,
    "K1_net_6": 1.7280482053756714,
    "K1_net_10": -2.2719523906707764,
    "K3_net_6": -0.8289894461631775,
    "K3_net_10": -4.828990459442139,
    "K5_net_6": -1.4313993453979492,
    "K5_net_10": -5.431399822235107
  }
}