{
  "objective": "gate",
  "target": "long",
  "val_best_metric": -11.329668045043945,
  "test": {
    "keepnet": -6.506890773773193,
    "coverage": 0.7990123456790122,
    "n_ts": 405,
    "kept_net_6": -2.506889581680298,
    "all_net_6": -2.3577167987823486,
    "kept_net_10": -6.506890773773193,
    "all_net_10": -6.357717037200928
  }
}