{
  "objective": "listwise",
  "target": "short",
  "val_best_metric": 0.02231780894108305,
  "test": {
    "rho": 0.00866936543737044,
    "n_ts": 2599,
    "K1_net_6": -5.901272296905518,
    "K1_net_10": -9.90127182006836,
    "K3_net_6": -6.4415602684021,
    "K3_net_10": -10.441560745239258,
    "K5_net_6": -7.534736156463623,
    "K5_net_10": -11.534736633300781
  }
}