{
  "objective": "gate",
  "target": "short",
  "val_best_metric": -9.007680892944336,
  "test": {
    "keepnet": -11.26932430267334,
    "coverage": 0.7016219794769945,
    "n_ts": 530,
    "kept_net_6": -7.26932430267334,
    "all_net_6": -7.691718101501465,
    "kept_net_10": -11.26932430267334,
    "all_net_10": -11.691719055175781
  }
}