{
  "objective": "netpnl",
  "val_best_metric": -0.0005608435603789985,
  "test": {
    "auc": 0.5057808014223295,
    "acc": 0.5060492328071531,
    "n": 90590,
    "base_up": 0.4926702726570262,
    "netpnl10": -0.0006235740729607642,
    "deploy": 6.0625141486525536e-05,
    "K1_long_net_6": -10.338783264160156,
    "K1_short_net_6": -3.484920024871826,
    "K1_long_net_10": -14.338784217834473,
    "K1_short_net_10": -7.484920978546143,
    "K3_long_net_6": -4.686729907989502,
    "K3_short_net_6": -1.9051728248596191,
    "K3_long_net_10": -8.686731338500977,
    "K3_short_net_10": -5.9051737785339355,
    "K5_long_net_6": -4.691596508026123,
    "K5_short_net_6": -3.4176278114318848,
    "K5_long_net_10": -8.691597938537598,
    "K5_short_net_10": -7.417628288269043
  }
}