{
  "objective": "netpnl",
  "val_best_metric": -0.007362794131040573,
  "test": {
    "auc": 0.5126743791743964,
    "acc": 0.5138315487360636,
    "n": 90590,
    "base_up": 0.4926702726570262,
    "netpnl10": -0.02187282033264637,
    "deploy": 0.002478536684066057,
    "K1_long_net_6": -3.6008448600769043,
    "K1_short_net_6": 0.7995621562004089,
    "K1_long_net_10": -7.6008453369140625,
    "K1_short_net_10": -3.2004384994506836,
    "K3_long_net_6": -1.5706833600997925,
    "K3_short_net_6": -2.819282054901123,
    "K3_long_net_10": -5.57068395614624,
    "K3_short_net_10": -6.819283485412598,
    "K5_long_net_6": -1.2836992740631104,
    "K5_short_net_6": -3.6930460929870605,
    "K5_long_net_10": -5.2836995124816895,
    "K5_short_net_10": -7.693047523498535
  }
}