{
  "objective": "gate",
  "target": "short",
  "val_best_metric": -5.066837787628174,
  "test": {
    "keepnet": -6.422579288482666,
    "coverage": 0.7992592592592591,
    "n_ts": 405,
    "kept_net_6": -2.4225783348083496,
    "all_net_6": -3.794938564300537,
    "kept_net_10": -6.422579288482666,
    "all_net_10": -7.7949395179748535
  }
}