{
  "objective": "listwise",
  "target": "short",
  "val_best_metric": 0.031915354704374545,
  "test": {
    "rho": 0.006510560792953704,
    "n_ts": 1430,
    "K1_net_6": -17.291898727416992,
    "K1_net_10": -21.291898727416992,
    "K3_net_6": -10.276768684387207,
    "K3_net_10": -14.276769638061523,
    "K5_net_6": -9.364583969116211,
    "K5_net_10": -13.364584922790527
  }
}