{
  "objective": "bce",
  "target": "long",
  "val_best_metric": 0.5263652609932328,
  "test": {
    "auc": 0.5203866925970922,
    "acc": 0.5155652160301264,
    "n": 447183,
    "base_up": 0.49035853330739315,
    "netpnl10": -0.7259842753410339,
    "deploy": 0.07189135998487473,
    "K1_long_net_6": -1.4820114374160767,
    "K1_short_net_6": -2.766866445541382,
    "K1_long_net_10": -5.4820122718811035,
    "K1_short_net_10": -6.766867160797119,
    "K3_long_net_6": -1.9421888589859009,
    "K3_short_net_6": -3.4297168254852295,
    "K3_long_net_10": -5.942189693450928,
    "K3_short_net_10": -7.429717063903809,
    "K5_long_net_6": -2.4290459156036377,
    "K5_short_net_6": -4.051578521728516,
    "K5_long_net_10": -6.429046154022217,
    "K5_short_net_10": -8.051579475402832
  }
}