{
  "objective": "gate",
  "target": "long",
  "val_best_metric": -9.543242454528809,
  "test": {
    "keepnet": -7.740424633026123,
    "coverage": 0.7016219794769945,
    "n_ts": 530,
    "kept_net_6": -3.740424394607544,
    "all_net_6": -4.308282375335693,
    "kept_net_10": -7.740424633026123,
    "all_net_10": -8.308282852172852
  }
}