{
  "objective": "listwise",
  "target": "short",
  "val_best_metric": 0.02969718953869754,
  "test": {
    "rho": 0.005751143244591318,
    "n_ts": 2015,
    "K1_net_6": -4.026524066925049,
    "K1_net_10": -8.026524543762207,
    "K3_net_6": -6.881834506988525,
    "K3_net_10": -10.8818359375,
    "K5_net_6": -7.394917011260986,
    "K5_net_10": -11.394916534423828
  }
}