{
  "objective": "listwise",
  "target": "long",
  "val_best_metric": 0.006634599062270637,
  "test": {
    "rho": 0.007001429674940044,
    "n_ts": 1430,
    "K1_net_6": -0.6756179928779602,
    "K1_net_10": -4.675618648529053,
    "K3_net_6": 0.16371332108974457,
    "K3_net_10": -3.8362882137298584,
    "K5_net_6": 0.15297657251358032,
    "K5_net_10": -3.847024440765381
  }
}