{
  "target": "short",
  "neg_control": true,
  "val_best_rho": 0.010678231856085456,
  "test": {
    "rho": 0.0029417771875485696,
    "n_ts": 534,
    "K1_net_6": -8.006630897521973,
    "K1_net_10": -12.006632804870605,
    "K3_net_6": -8.14412784576416,
    "K3_net_10": -12.144128799438477,
    "K5_net_6": -8.747281074523926,
    "K5_net_10": -12.747281074523926
  }
}