{
  "target": "short",
  "neg_control": false,
  "val_best_rho": 0.012773162674836176,
  "test": {
    "rho": 0.0031982327726713194,
    "n_ts": 534,
    "K1_net_6": -5.231008529663086,
    "K1_net_10": -9.231009483337402,
    "K3_net_6": -5.12079381942749,
    "K3_net_10": -9.120794296264648,
    "K5_net_6": -6.954665184020996,
    "K5_net_10": -10.954667091369629
  }
}