{
  "target": "long",
  "neg_control": false,
  "val_best_rho": -0.0037760312790119962,
  "test": {
    "rho": -0.008425529239538215,
    "n_ts": 534,
    "K1_net_6": -10.941006660461426,
    "K1_net_10": -14.941006660461426,
    "K3_net_6": -7.699853897094727,
    "K3_net_10": -11.699854850769043,
    "K5_net_6": -5.520215034484863,
    "K5_net_10": -9.520216941833496
  }
}