{
  "best_params": {
    "objective": "rank:pairwise",
    "eta": 0.02877651219964392,
    "max_depth": 5,
    "subsample": 0.7899716412282568,
    "colsample_bytree": 0.9132642795826736,
    "alpha": 3.310960779442788,
    "reg_lambda": 0.4076306175268103,
    "min_child_weight": 26,
    "gamma": 0.05027006141606744
  },
  "best_opt_obj_bps": 3.338142485154005,
  "best_attrs": {
    "mean_comb3_bps": 5.5866602908734455,
    "secs": 26.0,
    "worst_comb3_bps": 1.0896246794345643
  },
  "heldout_baseline": {
    "long_rho": 0.022653411432316462,
    "short_rho": 0.014340739531623736,
    "l_g1": 0.0009641117606467256,
    "s_g1": 0.0006579995203253182,
    "l_g3": 0.0008660238384119367,
    "s_g3": 0.00048314791160196483,
    "l_g5": 0.0006802680326224782,
    "s_g5": 0.00025421593761385365,
    "comb3_bps": 6.745858750069508
  },
  "heldout_tuned": {
    "long_rho": 0.023697455753952126,
    "short_rho": 0.02104448568037348,
    "l_g1": 0.0006866352714860113,
    "s_g1": 0.0004947747423559634,
    "l_g3": 0.0008427510558009772,
    "s_g3": -0.00017376109201974868,
    "l_g5": 0.0006368698954344533,
    "s_g5": -0.0001198361681182668,
    "comb3_bps": 3.3449498189061426
  },
  "heldout_folds": [
    "2025-10..2025-11",
    "2026-02..2026-03"
  ],
  "n_trials": 100
}