{
  "baseline": {
    "long_rho": 0.02560790253051789,
    "short_rho": 0.028712952677578195,
    "l_g1": 0.0005120154571786483,
    "s_g1": 0.0005202263290795188,
    "l_g3": 0.00046850026292384676,
    "s_g3": 0.00047607247195565047,
    "l_g5": 0.0002491782084314509,
    "s_g5": 0.0004116964869310778
  },
  "tuned": {
    "long_rho": 0.026892029949783177,
    "short_rho": 0.028534974934422273,
    "l_g1": 0.0003558682062419127,
    "s_g1": 0.0003279167207795103,
    "l_g3": 0.0004192528247670763,
    "s_g3": 0.00026630371588715507,
    "l_g5": 0.0003053736465789915,
    "s_g5": 0.0001601675526384187
  },
  "tuned_params": {
    "objective": "rank:ndcg",
    "eta": 0.21335327230764958,
    "max_depth": 4,
    "subsample": 0.7823230661434044,
    "colsample_bytree": 0.6806191168900311,
    "alpha": 0.5930132823954964,
    "reg_lambda": 5.21999226357723,
    "min_child_weight": 11,
    "gamma": 1.8433169112115109
  },
  "n_folds": 8,
  "subset": ":15 anchors",
  "costs": [
    6.0,
    10.0
  ]
}