{
  "panel": "data/transformer_panel",
  "target": "long",
  "folds": [
    [
      -0.021615837046369678,
      -0.01477772383043936,
      -2.2091302757511584,
      -8.63304328918457,
      343.0
    ],
    [
      -0.01574273460323267,
      -0.015197624384159749,
      -2.1111231716974412,
      -6.732908725738525,
      343.0
    ],
    [
      -0.009916885771617291,
      -0.01704813163279783,
      -2.8457509019326435,
      -10.40180492401123,
      343.0
    ],
    [
      -0.014136316585959856,
      -0.005729994012620188,
      -0.9251033754662547,
      -8.65453052520752,
      343.0
    ],
    [
      -0.003188739494075339,
      -0.001471202869513041,
      -0.22569504306794616,
      -8.361970901489258,
      344.0
    ]
  ],
  "mean_train_rho": -0.012920102700250968,
  "mean_test_rho": -0.010844935345906033,
  "mean_test_net10k5": -8.556851673126221
}