{
  "panel": "data/transformer_panel",
  "target": "short",
  "folds": [
    [
      0.035140028714536004,
      0.011382723199209981,
      1.6137766220911725,
      -10.641576766967773,
      343.0
    ],
    [
      0.019437157942551814,
      0.01858622930315774,
      2.467853848477193,
      -14.36889362335205,
      343.0
    ],
    [
      0.02085996654290641,
      0.02176361143828121,
      3.4871768451747127,
      -7.688577651977539,
      343.0
    ],
    [
      0.027021094169736675,
      0.01062524766256521,
      1.765686440640985,
      -11.280158996582031,
      343.0
    ],
    [
      0.012643151549254212,
      0.008559466371676306,
      1.3111469058478067,
      -9.226491928100586,
      344.0
    ]
  ],
  "mean_train_rho": 0.023020279783797025,
  "mean_test_rho": 0.014183455594978089,
  "mean_test_net10k5": -10.641139793395997
}